<?xml version="1.0" encoding="UTF-8"?>
<configuration>

	<property name="LOG" value="./CustomLogs"/>
	
	<appender name="ManagerDev"
		class="ch.qos.logback.core.rolling.RollingFileAppender">
		<!--See also http://logback.qos.ch/manual/appenders.html#RollingFileAppender -->
		<File>${LOG}/ManagerDev.log</File>
		<encoder>
			<pattern>%p %d %F %n%m%n%n</pattern>
		</encoder>
		<rollingPolicy
			class="ch.qos.logback.core.rolling.FixedWindowRollingPolicy">
			<maxIndex>20</maxIndex>
			<FileNamePattern>${LOG}/ManagerDev.log.%i</FileNamePattern>
		</rollingPolicy>
		<triggeringPolicy
			class="ch.qos.logback.core.rolling.SizeBasedTriggeringPolicy">
			<MaxFileSize>50MB</MaxFileSize>
		</triggeringPolicy>
	</appender>	
	
	<appender name="ManagerInfo"
		class="ch.qos.logback.core.rolling.RollingFileAppender">
		<!--See also http://logback.qos.ch/manual/appenders.html#RollingFileAppender -->
		<File>${LOG}/ManagerInfo.log</File>
		<encoder>
			<pattern>%p %d %F %n%m%n%n</pattern>
		</encoder>
		<rollingPolicy
			class="ch.qos.logback.core.rolling.FixedWindowRollingPolicy">
			<maxIndex>20</maxIndex>
			<FileNamePattern>${LOG}/ManagerInfo.log.%i</FileNamePattern>
		</rollingPolicy>
		<triggeringPolicy
			class="ch.qos.logback.core.rolling.SizeBasedTriggeringPolicy">
			<MaxFileSize>50MB</MaxFileSize>
		</triggeringPolicy>
	</appender>
	
	<appender name="ManagerError"
		class="ch.qos.logback.core.rolling.RollingFileAppender">
		<!--See also http://logback.qos.ch/manual/appenders.html#RollingFileAppender -->
		<File>${LOG}/ManagerError.log</File>
		<encoder>
			<pattern>%p %d %F %n%m%n%n</pattern>
		</encoder>
		<rollingPolicy
			class="ch.qos.logback.core.rolling.FixedWindowRollingPolicy">
			<maxIndex>20</maxIndex>
			<FileNamePattern>${LOG}/ManagerError.log.%i</FileNamePattern>
		</rollingPolicy>
		<triggeringPolicy
			class="ch.qos.logback.core.rolling.SizeBasedTriggeringPolicy">
			<MaxFileSize>50MB</MaxFileSize>
		</triggeringPolicy>
	</appender>
	
    <root level="debug">
        <appender-ref ref="ManagerDev" />
    </root>
    <root level="info">
        <appender-ref ref="ManagerInfo" />
    </root>
    <root level="error">
        <appender-ref ref="ManagerError" />
    </root>
	
</configuration>